Accession	Sequence
P24928	MHGGGPPSGDSACPLRTIKRVQFGVLSPDELKRMSVTEGGIKYPETTEGGRPKLGGLMDPRQGVIERTGRCQTCAGNMTECPGHFGHIELAKPVFHVGFLVKTMKVLRCVCFFCSKLLVDSNNPKIKDILAKSKGQPKKRLTHVYDLCKGKNICEGGEEMDNKFGVEQPEGDEDLTKEKGHGGCGRYQPRIRRSGLELYAEWKHVNEDSQEKKILLSPERVHEIFKRISDEECFVLGMEPRYARPEWMIVTVLPVPPLSVRPAVVMQGSARNQDDLTHKLADIVKINNQLRRNEQNGAAAHVIAEDVKLLQFHVATMVDNELPGLPRAMQKSGRPLKSLKQRLKGKEGRVRGNLMGKRVDFSARTVITPDPNLSIDQVGVPRSIAANMTFAEIVTPFNIDRLQELVRRGNSQYPGAKYIIRDNGDRIDLRFHPKPSDLHLQTGYKVERHMCDGDIVIFNRQPTLHKMSMMGHRVRILPWSTFRLNLSVTTPYNADFDGDEMNLHLPQSLETRAEIQELAMVPRMIVTPQSNRPVMGIVQDTLTAVRKFTKRDVFLERGEVMNLLMFLSTWDGKVPQPAILKPRPLWTGKQIFSLIIPGHINCIRTHSTHPDDEDSGPYKHISPGDTKVVVENGELIMGILCKKSLGTSAGSLVHISYLEMGHDITRLFYSNIQTVINNWLLIEGHTIGIGDSIADSKTYQDIQNTIKKAKQDVIEVIEKAHNNELEPTPGNTLRQTFENQVNRILNDARDKTGSSAQKSLSEYNNFKSMVVSGAKGSKINISQVIAVVGQQNVEGKRIPFGFKHRTLPHFIKDDYGPESRGFVENSYLAGLTPTEFFFHAMGGREGLIDTAVKTAETGYIQRRLIKSMESVMVKYDATVRNSINQVVQLRYGEDGLAGESVEFQNLATLKPSNKAFEKKFRFDYTNERALRRTLQEDLVKDVLSNAHIQNELEREFERMREDREVLRVIFPTGDSKVVLPCNLLRMIWNAQKIFHINPRLPSDLHPIKVVEGVKELSKKLVIVNGDDPLSRQAQENATLLFNIHLRSTLCSRRMAEEFRLSGEAFDWLLGEIESKFNQAIAHPGEMVGALAAQSLGEPATQMTLNTFHYAGVSAKNVTLGVPRLKELINISKKPKTPSLTVFLLGQSARDAERAKDILCRLEHTTLRKVTANTAIYYDPNPQSTVVAEDQEWVNVYYEMPDFDVARISPWLLRVELDRKHMTDRKLTMEQIAEKINAGFGDDLNCIFNDDNAEKLVLRIRIMNSDENKMQEEEEVVDKMDDDVFLRCIESNMLTDMTLQGIEQISKVYMHLPQTDNKKKIIITEDGEFKALQEWILETDGVSLMRVLSEKDVDPVRTTSNDIVEIFTVLGIEAVRKALERELYHVISFDGSYVNYRHLALLCDTMTCRGHLMAITRHGVNRQDTGPLMKCSFEETVDVLMEAAAHGESDPMKGVSENIMLGQLAPAGTGCFDLLLDAEKCKYGMEIPTNIPGLGAAGPTGMFFGSAPSPMGGISPAMTPWNQGATPAYGAWSPSVGSGMTPGAAGFSPSAASDASGFSPGYSPAWSPTPGSPGSPGPSSPYIPSPGGAMSPSYSPTSPAYEPRSPGGYTPQSPSYSPTSPSYSPTSPSYSPTSPNYSPTSPSYSPTSPSYSPTSPSYSPTSPSYSPTSPSYSPTSPSYSPTSPSYSPTSPSYSPTSPSYSPTSPSYSPTSPSYSPTSPSYSPTSPSYSPTSPSYSPTSPSYSPTSPNYSPTSPNYTPTSPSYSPTSPSYSPTSPNYTPTSPNYSPTSPSYSPTSPSYSPTSPSYSPSSPRYTPQSPTYTPSSPSYSPSSPSYSPASPKYTPTSPSYSPSSPEYTPTSPKYSPTSPKYSPTSPKYSPTSPTYSPTTPKYSPTSPTYSPTSPVYTPTSPKYSPTSPTYSPTSPKYSPTSPTYSPTSPKGSTYSPTSPGYSPTSPTYSLTSPAISPDDSDEEN
P30876	MYDADEDMQYDEDDDEITPDLWQEACWIVISSYFDEKGLVRQQLDSFDEFIQMSVQRIVEDAPPIDLQAEAQHASGEVEEPPRYLLKFEQIYLSKPTHWERDGAPSPMMPNEARLRNLTYSAPLYVDITKTVIKEGEEQLQTQHQKTFIGKIPIMLRSTYCLLNGLTDRDLCELNECPLDPGGYFIINGSEKVLIAQEKMATNTVYVFAKKDSKYAYTGECRSCLENSSRPTSTIWVSMLARGGQGAKKSAIGQRIVATLPYIKQEVPIIIVFRALGFVSDRDILEHIIYDFEDPEMMEMVKPSLDEAFVIQEQNVALNFIGSRGAKPGVTKEKRIKYAKEVLQKEMLPHVGVSDFCETKKAYFLGYMVHRLLLAALGRRELDDRDHYGNKRLDLAGPLLAFLFRGMFKNLLKEVRIYAQKFIDRGKDFNLELAIKTRIISDGLKYSLATGNWGDQKKAHQARAGVSQVLNRLTFASTLSHLRRLNSPIGRDGKLAKPRQLHNTLWGMVCPAETPEGHAVGLVKNLALMAYISVGSQPSPILEFLEEWSMENLEEISPAAIADATKIFVNGCWVGIHKDPEQLMNTLRKLRRQMDIIVSEVSMIRDIREREIRIYTDAGRICRPLLIVEKQKLLLKKRHIDQLKEREYNNYSWQDLVASGVVEYIDTLEEETVMLAMTPDDLQEKEVAYCSTYTHCEIHPSMILGVCASIIPFPDHNQSPRNTYQSAMGKQAMGVYITNFHVRMDTLAHVLYYPQKPLVTTRSMEYLRFRELPAGINSIVAIASYTGYNQEDSVIMNRSAVDRGFFRSVFYRSYKEQESKKGFDQEEVFEKPTRETCQGMRHAIYDKLDDDGLIAPGVRVSGDDVIIGKTVTLPENEDELESTNRRYTKRDCSTFLRTSETGIVDQVMVTLNQEGYKFCKIRVRSVRIPQIGDKFASRHGQKGTCGIQYRQEDMPFTCEGITPDIIINPHAIPSRMTIGHLIECLQGKVSANKGEIGDATPFNDAVNVQKISNLLSDYGYHLRGNEVLYNGFTGRKITSQIFIGPTYYQRLKHMVDDKIHSRARGPIQILNRQPMEGRSRDGGLRFGEMERDCQIAHGAAQFLRERLFEASDPYQVHVCNLCGIMAIANTRTHTYECRGCRNKTQISLVRMPYACKLLFQELMSMSIAPRMMSV
P19387	MPYANQPTVRITELTDENVKFIIENTDLAVANSIRRVFIAEVPIIAIDWVQIDANSSVLHDEFIAHRLGLIPLISDDIVDKLQYSRDCTCEEFCPECSVEFTLDVRCNEDQTRHVTSRDLISNSPRVIPVTSRNRDNDPNDYVEQDDILIVKLRKGQELRLRAYAKKGFGKEHAKWNPTAGVAFEYDPDNALRHTVYPKPEEWPKSEYSELDEDESQAPYDPNGKPERFYYNVESCGSLRPETIVLSALSGLKKKLSDLQTQLSHEIQSDVLTIN
O15514	MAAGGSDPRAGDVEEDASQLIFPKEFETAETLLNSEVHMLLEHRKQQNESAEDEQELSEVFMKTLNYTARFSRFKNRETIASVRSLLLQKKLHKFELACLANLCPETAEESKALIPSLEGRFEDEELQQILDDIQTKRSFQY
P19388	MDDEEETYRLWKIRKTIMQLCHDRGYLVTQDELDQTLEEFKAQSGDKPSEGRPRRTDLTVLVAHNDDPTDQMFVFFPEEPKVGIKTIKVYCQRMQEENITRALIVVQQGMTPSAKQSLVDMAPKYILEQFLQQELLINITEHELVPEHVVMTKEEVTELLARYKLRENQLPRIQAGDPVARYFGIKRGQVVKIIRPSETAGRYITYRLVQ
P61218	MSDNEDNFDGDDFDDVEEDEGLDDLENAEEEGQENVEILPSGERPQANQKRITTPYMTKYERARVLGTRALQIAMCAPVMVELEGETDPLLIAMKELKARKIPIIIRRYLPDGSYEDWGVDELIITD
P62487	MFYHISLEHEILLHPRYFGPNLLNTVKQKLFTEVEGTCTGKYGFVIAVTTIDNIGAGVIQPGRGFVLYPVKYKAIVFRPFKGEVVDAVVTQVNKVGLFTEIGPMSCFISRHSIPSEMEFDPNSNPPCYKTMDEDIVIQQDDEIRLKIVGTRVDKNDIFAIGSLMDDYLGLVS
P52434	MAGILFEDIFDVKDIDPEGKKFDRVSRLHCESESFKMDLILDVNIQIYPVDLGDKFRLVIASTLYEDGTLDDGEYNPTDDRPSRADQFEYVMYGKVYRIEGDETSTEAATRLSAYVSYGGLLMRLQGDANNLHGFEVDSRVYLLMKKLAF
P36954	MEPDGTYEPGFVGIRFCQECNNMLYPKEDKENRILLYACRNCDYQQEADNSCIYVNKITHEVDELTQIIADVSQDPTLPRTEDHPCQKCGHKEAVFFQSHSARAEDAMRLYYVCTAPHCGHRWTE
P62875	MIIPVRCFTCGKIVGNKWEAYLGLLQAEYTEGDALDALGLKRYCCRRMLLAHVDLIEKLLNYAPLEK
P52435	MNAPPAFESFLLFEGEKKITINKDTKVPNACLFTINKEDHTLGNIIKSQLLKDPQVLFAGYKVPHPLEHKIIIRVQTTPDYSPQEAFTNAITDLISELSLLEERFRVAIKDKQEGIE
P53803	MDTQKDVQPPKQQPMIYICGECHTENEIKSRDPIRCRECGYRIMYKKRTKRLVVFDAR
